{
  "test": {
    "accuracy": 0.7966908431550317,
    "roc_auc": 0.878580751909611
  },
  "train": {
    "accuracy": 0.8139248704663212,
    "roc_auc": 0.8971108620365649
  },
  "val": {
    "accuracy": 0.8105167724388033,
    "roc_auc": 0.8900057454777994
  },
  "excluded": {
    "accuracy": 0.8147139605416273,
    "roc_auc": 0.5
  }
}